artist_name,genre,popularity,followers,external_url,ticket_sales,ticket_price
Johnny Yukon,trap soul,47,76627,https://open.spotify.com/artist/4fLF7NyMYLaMxUmZCSp5ex,No events,No price
Lauv,pop,75,6287497,https://open.spotify.com/artist/5JZ7CnR6gTvEMKX4g70Amv,Unknown,50.5
Foxing,"alternative emo, bubblegrunge, dreamo, emo, stl indie",44,127189,https://open.spotify.com/artist/2dfxY7YDuYCUtWFzWTS6IR,Unknown,20.0
Knox,singer-songwriter pop,58,122224,https://open.spotify.com/artist/61S5H9Lxn1PDUvu1TV0kCX,Unknown,18.0
Metallica,"hard rock, metal, old school thrash, rock, thrash metal",83,28338975,https://open.spotify.com/artist/2ye2Wgw4gimLv2eAKyk1NB,Unknown,Unknown
Artemas,,80,909537,https://open.spotify.com/artist/0PCCGZ0wGLizHt2KZ7hhA2,Unknown,81.46
The Offspring,"alternative metal, permanent wave, post-grunge, punk, rock, skate punk, socal pop punk",78,5769457,https://open.spotify.com/artist/5LfGQac0EIXyAN8aUwmNAQ,Unknown,550.0
Suki Waterhouse,indie pop,71,769560,https://open.spotify.com/artist/5GGJosGMs08YEmKTZJe1fL,Unknown,Unknown
Red Hot Chili Peppers,"alternative rock, funk metal, funk rock, permanent wave, rock",84,21279102,https://open.spotify.com/artist/0L8ExT028jH3ddEcZwqJJ5,Unknown,Unknown
LISA,k-pop,82,8784051,https://open.spotify.com/artist/5L1lO4eRHmJ7a0Q6csE5cT,Unknown,Unknown
Kevian Kraemer,,47,58501,https://open.spotify.com/artist/4YuuDwJsOgciB2sYUvmo4a,No events,No price
Marlhy,,43,13014,https://open.spotify.com/artist/1fvH6NeNDohKGKwvRiebRA,No events,No price
House of Protection,,39,17779,https://open.spotify.com/artist/6fb3I3Q54izgnOMtiZbOBA,Unknown,17.5
The Jesus Lizard,"alternative rock, experimental rock, grunge, noise rock, post-hardcore",37,97168,https://open.spotify.com/artist/6r26MaDr8bqNALjXgYPXMa,Unknown,Unknown
Myles Kennedy,,50,191964,https://open.spotify.com/artist/2YZOQlBE1v44RxPEAVSdVR,Unknown,29.5
Palomino Blond,miami indie,21,4274,https://open.spotify.com/artist/0oNZ5XN1TT4aWlxHhx8oWe,Unknown,15.0
Qumu,"lo-fi vgm, pixel, vgm remix",52,155692,https://open.spotify.com/artist/0LzeyDrlLtuyBqMSBN4z3U,No events,No price
Nada Surf,power pop,48,192706,https://open.spotify.com/artist/11zHPjHnZN0ACA50rSnTcy,Unknown,Unknown
Cursive,"emo, omaha indie",42,113265,https://open.spotify.com/artist/1sylmUjlKYsLA49YtkNHW3,Unknown,25.0
Temples,"garage rock, neo-psychedelic",43,260505,https://open.spotify.com/artist/4ogwGU9VPWrnVBs1GEwZVV,Unknown,Unknown
Bryant Barnes,,68,287020,https://open.spotify.com/artist/1URGXPcURc0aQzLeph65nK,No events,No price
Drake,"canadian hip hop, canadian pop, hip hop, pop rap, rap",96,91745345,https://open.spotify.com/artist/3TVXtAsR1Inumwj472S9r4,Unknown,10.0
Set It Off,"electropowerpop, otacore, pixie, pov: indie",66,983895,https://open.spotify.com/artist/06bDwgCHeMAwhgI8il4Y5k,Unknown,28.7
Sabrina Carpenter,pop,95,12348694,https://open.spotify.com/artist/74KM79TiuVKeVCqs8QtB0B,Unknown,56.2
Mötley Crüe,"album rock, alternative metal, glam metal, hard rock, metal, rock, sleaze rock",71,5278983,https://open.spotify.com/artist/0cc6vw3VN8YlIcvr1v7tBL,Unknown,Unknown
Stevie Nicks,heartland rock,66,1692514,https://open.spotify.com/artist/7crPfGd2k81ekOoSqQKWWz,Unknown,Unknown
potsu,"japanese chillhop, lo-fi beats, lo-fi rap",57,347659,https://open.spotify.com/artist/5XE0fiZWGbq9TcSuWwJ1fA,No events,No price
Jordin Sparks,"dance pop, pop, post-teen pop, urban contemporary",63,2418769,https://open.spotify.com/artist/2AQjGvtT0pFYfxR3neFcvz,No events,No price
Adam Port,melodic house,77,184234,https://open.spotify.com/artist/2loEsOijJ6XiGzWYFXMIRk,Unknown,Unknown
Teddy Swims,,84,2939593,https://open.spotify.com/artist/33qOK5uJ8AR2xuQQAhHump,Unknown,45.0
NERIAH,"alt z, singer-songwriter pop",49,109531,https://open.spotify.com/artist/1dUrqVHcv2FCXxlIqzIbiG,No events,No price
Halsey,"electropop, etherpop, indie poptimism, pop",81,21692415,https://open.spotify.com/artist/26VFTg2z8YR0cCuwLzESi2,No events,No price
Joan Jett & the Blackhearts,"glam punk, rock",66,872825,https://open.spotify.com/artist/1Fmb52lZ6Jv7FMWXXTPO3K,No events,No price
Jeremy Zucker,"alt z, electropop, pop",68,2270185,https://open.spotify.com/artist/3gIRvgZssIb9aiirIg0nI3,No events,No price
We Hate You Please Die,french garage rock,21,6973,https://open.spotify.com/artist/6Ts5nm6bMuPIqKy1fZRE8l,No events,No price
Journey,"album rock, classic rock, hard rock, mellow gold, rock, soft rock",76,5675216,https://open.spotify.com/artist/0rvjqX7ttXeg3mTy8Xscbt,Unknown,44.0
Billy Joel,"album rock, classic rock, mellow gold, piano rock, rock, singer-songwriter, soft rock",78,6240638,https://open.spotify.com/artist/6zFYqv1mOsgBRQbae3JJ9e,Unknown,Unknown
Quavo,"atl hip hop, melodic rap, rap, trap",80,7566373,https://open.spotify.com/artist/0VRj0yCOv2FXJNP47XQnx5,No events,No price
Lost Frequencies,"belgian edm, edm, pop dance, tropical house",81,2894275,https://open.spotify.com/artist/7f5Zgnp2spUuuzKplmRkt7,Unknown,Unknown
ZZ Top,"album rock, blues rock, classic rock, hard rock, rock",72,4457620,https://open.spotify.com/artist/2AM4ilv6UzW0uMRuqKtDgN,Unknown,Unknown
Taylor Acorn,singer-songwriter pop,55,197496,https://open.spotify.com/artist/1A0WloDoRE88uUwo3wensY,Unknown,Unknown
Frex,,44,23798,https://open.spotify.com/artist/2sjktXSuCqEU42XUox2oXr,Unknown,0.0
Stephen Dawes,singer-songwriter pop,58,171086,https://open.spotify.com/artist/3jTU1IOqkO7Mz4zdbXPose,Unknown,29.5
Pink Floyd,"album rock, art rock, classic rock, progressive rock, psychedelic rock, rock, symphonic rock",79,20823202,https://open.spotify.com/artist/0k17h0D3J5VfsdmQ1iZtE9,Unknown,27.0
CATTY,,32,7229,https://open.spotify.com/artist/0SAfVY2Qy5TbA3mreZfHyf,Unknown,15.0
LE SSERAFIM,k-pop girl group,81,5712283,https://open.spotify.com/artist/4SpbR6yFEvexJuaBpgAU5p,No events,No price
Dasha,,76,212775,https://open.spotify.com/artist/7Ez6lTtSMjMf2YSYpukP1I,Unknown,25.0
Dosser,grungegaze,18,4249,https://open.spotify.com/artist/4docLaOEimvNmjei3CLOzB,No events,No price
Eagles,"album rock, classic rock, heartland rock, mellow gold, rock, soft rock, yacht rock",77,10957159,https://open.spotify.com/artist/0ECwFtbIWEVNwjlrfc6xoL,Unknown,Unknown
Megan Thee Stallion,"houston rap, pop, rap, trap queen",83,9736953,https://open.spotify.com/artist/181bsRPaVXVlUKXrxwZfHK,Unknown,Unknown
Braden Bales,singer-songwriter pop,47,83579,https://open.spotify.com/artist/3Ru5n2T3JIrjnSZhf2rinv,Unknown,Unknown
Dead Posey,"modern alternative rock, rebel blues",38,48666,https://open.spotify.com/artist/7qTUKYzO77RvL1Kxie0xUO,No events,No price
Oasis,"beatlesque, britpop, madchester, permanent wave, rock",84,10588082,https://open.spotify.com/artist/2DaxqgrOhkeH0fpeiQq2f4,Unknown,30.0
Deep Purple,"album rock, classic rock, hard rock, metal, rock",66,5587877,https://open.spotify.com/artist/568ZhdwyaiCyOGJRtNYhWf,Unknown,36.0
ROZES,"alt z, electropop, indie poptimism",60,126142,https://open.spotify.com/artist/6jsjhAEteAlY0vCiLvMLBA,Unknown,25.0
The Weeknd,"canadian contemporary r&b, canadian pop, pop",94,90797862,https://open.spotify.com/artist/1Xyo4u8uXC1ZmMpatF05PJ,Unknown,101.0
Boston,"album rock, classic rock, glam metal, hard rock, mellow gold, rock, soft rock",66,2804575,https://open.spotify.com/artist/29kkCKKGXheHuoO829FxWK,Unknown,Unknown
d4vd,"bedroom pop, bedroom r&b",78,2906592,https://open.spotify.com/artist/5y8tKLUfMvliMe8IKamR32,Unknown,49.5
Surf Trash,"australian surf rock, newcastle nsw indie",42,24458,https://open.spotify.com/artist/78DoiOUHouyEPI7aNgqkkm,No events,No price
Forts,,47,3571,https://open.spotify.com/artist/5PNxXTkVfckrFbwcW6EKdE,Unknown,Unknown
Our Mirage,"german post-hardcore, metalcore",37,54356,https://open.spotify.com/artist/1QpYiCxy3p5Wz7HtomBqHU,No events,No price
Maxwell Luke,,29,2764,https://open.spotify.com/artist/1LzbpVQTKYhHewqsn5DCnX,No events,No price
Trash Boat,"anthem emo, easycore, pop punk, uk pop punk",46,119917,https://open.spotify.com/artist/0XGJ3GUPwslwFJ66yNbHeh,Unknown,22.0
"Tyler, The Creator","hip hop, rap",86,16183672,https://open.spotify.com/artist/4V8LLVI7PbaPR0K2TGSxFF,Unknown,Unknown
Troye Sivan,"australian pop, pop, viral pop",77,8278114,https://open.spotify.com/artist/3WGpXCj9YhhfX11TToZcXP,Unknown,158.38
Gurriers,"crank wave, irish post-punk, irish shoegaze",33,11379,https://open.spotify.com/artist/0bPAi2zCrxUrPBREWdetZ5,Unknown,14.8
Snow Wife,,56,148691,https://open.spotify.com/artist/7CV3dQkhJB2dEqb85ICD33,No events,No price
Gabriela Bee,,54,165034,https://open.spotify.com/artist/4z0EquFxDCtiHuPGiWDCq1,No events,No price
Aerosmith,"album rock, classic rock, hard rock, rock",76,14560083,https://open.spotify.com/artist/7Ey4PD4MYsKc5I2dolUwbH,Unknown,Unknown
Myles Smith,singer-songwriter pop,79,693963,https://open.spotify.com/artist/3bO19AOone0ubCsfDXDtYt,Unknown,35.0
Led Zeppelin,"album rock, classic rock, hard rock, rock",77,14619444,https://open.spotify.com/artist/36QJpDe2go2KgaRleHCDTp,Unknown,280.0
"{""artists"": {""href"": ""https://api.spotify.com/v1/search?query=Taylor+Swift&type=artist&offset=0&limit=20"", ""items"": [{""external_urls"": {""spotify"": ""https://open.spotify.com/artist/06HL4z0CvFAxyc27GXpf02""}, ""followers"": {""href"": null, ""total"": 121098653}, ""genres"": [""pop""], ""href"": ""https://api.spotify.com/v1/artists/06HL4z0CvFAxyc27GXpf02"", ""id"": ""06HL4z0CvFAxyc27GXpf02"", ""images"": [{""height"": 640, ""url"": ""https://i.scdn.co/image/ab6761610000e5ebe672b5f553298dcdccb0e676"", ""width"": 640}, {""height"": 320, ""url"": ""https://i.scdn.co/image/ab67616100005174e672b5f553298dcdccb0e676"", ""width"": 320}, {""height"": 160, ""url"": ""https://i.scdn.co/image/ab6761610000f178e672b5f553298dcdccb0e676"", ""width"": 160}], ""name"": ""Taylor Swift"", ""popularity"": 100, ""type"": ""artist"", ""uri"": ""spotify:artist:06HL4z0CvFAxyc27GXpf02""}, {""external_urls"": {""spotify"": ""https://open.spotify.com/artist/4CB8mmEbDXVxkzNpJgkj65""}, ""followers"": {""href"": null, ""total"": 235355}, ""genres"": [], ""href"": ""https://api.spotify.com/v1/artists/4CB8mmEbDXVxkzNpJgkj65"", ""id"": ""4CB8mmEbDXVxkzNpJgkj65"", ""images"": [{""height"": 640, ""url"": ""https://i.scdn.co/image/ab67616d0000b2739584185e27f41b28d287edcc"", ""width"": 640}, {""height"": 300, ""url"": ""https://i.scdn.co/image/ab67616d00001e029584185e27f41b28d287edcc"", ""width"": 300}, {""height"": 64, ""url"": ""https://i.scdn.co/image/ab67616d000048519584185e27f41b28d287edcc"", ""width"": 64}], ""name"": ""Salish Matter"", ""popularity"": 35, ""type"": ""artist"", ""uri"": ""spotify:artist:4CB8mmEbDXVxkzNpJgkj65""}, {""external_urls"": {""spotify"": ""https://open.spotify.com/artist/0DwbGCdaD8YLRiVUEiV70Q""}, ""followers"": {""href"": null, ""total"": 3741}, ""genres"": [], ""href"": ""https://api.spotify.com/v1/artists/0DwbGCdaD8YLRiVUEiV70Q"", ""id"": ""0DwbGCdaD8YLRiVUEiV70Q"", ""images"": [{""height"": 640, ""url"": ""https://i.scdn.co/image/ab67616d0000b2738160a48bb1693050f496b11e"", ""width"": 640}, {""height"": 300, ""url"": ""https://i.scdn.co/image/ab67616d00001e028160a48bb1693050f496b11e"", ""width"": 300}, {""height"": 64, ""url"": ""https://i.scdn.co/image/ab67616d000048518160a48bb1693050f496b11e"", ""width"": 64}], ""name"": ""Taylor Swift Piano Covers"", ""popularity"": 32, ""type"": ""artist"", ""uri"": ""spotify:artist:0DwbGCdaD8YLRiVUEiV70Q""}, {""external_urls"": {""spotify"": ""https://open.spotify.com/artist/1McMsnEElThX1knmY4oliG""}, ""followers"": {""href"": null, ""total"": 39480304}, ""genres"": [""pop""], ""href"": ""https://api.spotify.com/v1/artists/1McMsnEElThX1knmY4oliG"", ""id"": ""1McMsnEElThX1knmY4oliG"", ""images"": [{""height"": 640, ""url"": ""https://i.scdn.co/image/ab6761610000e5ebe03a98785f3658f0b6461ec4"", ""width"": 640}, {""height"": 320, ""url"": ""https://i.scdn.co/image/ab67616100005174e03a98785f3658f0b6461ec4"", ""width"": 320}, {""height"": 160, ""url"": ""https://i.scdn.co/image/ab6761610000f178e03a98785f3658f0b6461ec4"", ""width"": 160}], ""name"": ""Olivia Rodrigo"", ""popularity"": 88, ""type"": ""artist"", ""uri"": ""spotify:artist:1McMsnEElThX1knmY4oliG""}, {""external_urls"": {""spotify"": ""https://open.spotify.com/artist/3vZoN5cnYOycsJ5KsFkjo5""}, ""followers"": {""href"": null, ""total"": 178}, ""genres"": [], ""href"": ""https://api.spotify.com/v1/artists/3vZoN5cnYOycsJ5KsFkjo5"", ""id"": ""3vZoN5cnYOycsJ5KsFkjo5"", ""images"": [{""height"": 640, ""url"": ""https://i.scdn.co/image/ab67616d0000b273785702c6f41f1fa6d6c3d2b1"", ""width"": 640}, {""height"": 300, ""url"": ""https://i.scdn.co/image/ab67616d00001e02785702c6f41f1fa6d6c3d2b1"", ""width"": 300}, {""height"": 64, ""url"": ""https://i.scdn.co/image/ab67616d00004851785702c6f41f1fa6d6c3d2b1"", ""width"": 64}], ""name"": ""Taylor Swift - Evermore - Piano Covers"", ""popularity"": 5, ""type"": ""artist"", ""uri"": ""spotify:artist:3vZoN5cnYOycsJ5KsFkjo5""}, {""external_urls"": {""spotify"": ""https://open.spotify.com/artist/64KEffDW9EtZ1y2vBYgq8T""}, ""followers"": {""href"": null, ""total"": 33788248}, ""genres"": [""brostep"", ""edm"", ""pop"", ""progressive electro house""], ""href"": ""https://api.spotify.com/v1/artists/64KEffDW9EtZ1y2vBYgq8T"", ""id"": ""64KEffDW9EtZ1y2vBYgq8T"", ""images"": [{""height"": 640, ""url"": ""https://i.scdn.co/image/ab6761610000e5eb69b18a96278c204074a6f265"", ""width"": 640}, {""height"": 320, ""url"": ""https://i.scdn.co/image/ab6761610000517469b18a96278c204074a6f265"", ""width"": 320}, {""height"": 160, ""url"": ""https://i.scdn.co/image/ab6761610000f17869b18a96278c204074a6f265"", ""width"": 160}], ""name"": ""Marshmello"", ""popularity"": 84, ""type"": ""artist"", ""uri"": ""spotify:artist:64KEffDW9EtZ1y2vBYgq8T""}, {""external_urls"": {""spotify"": ""https://open.spotify.com/artist/7oW3aIseIypoEqcOqvzUfS""}, ""followers"": {""href"": null, ""total"": 116}, ""genres"": [], ""href"": ""https://api.spotify.com/v1/artists/7oW3aIseIypoEqcOqvzUfS"", ""id"": ""7oW3aIseIypoEqcOqvzUfS"", ""images"": [], ""name"": ""taylorr swiftt"", ""popularity"": 7, ""type"": ""artist"", ""uri"": ""spotify:artist:7oW3aIseIypoEqcOqvzUfS""}, {""external_urls"": {""spotify"": ""https://open.spotify.com/artist/1Vvvx45Apu6dQqwuZQxtgW""}, ""followers"": {""href"": null, ""total"": 1240736}, ""genres"": [""children's music""], ""href"": ""https://api.spotify.com/v1/artists/1Vvvx45Apu6dQqwuZQxtgW"", ""id"": ""1Vvvx45Apu6dQqwuZQxtgW"", ""images"": [{""height"": 640, ""url"": ""https://i.scdn.co/image/ab6761610000e5eb72c72bfa75f2d33c9fb441f9"", ""width"": 640}, {""height"": 320, ""url"": ""https://i.scdn.co/image/ab6761610000517472c72bfa75f2d33c9fb441f9"", ""width"": 320}, {""height"": 160, ""url"": ""https://i.scdn.co/image/ab6761610000f17872c72bfa75f2d33c9fb441f9"", ""width"": 160}], ""name"": ""Kidz Bop Kids"", ""popularity"": 67, ""type"": ""artist"", ""uri"": ""spotify:artist:1Vvvx45Apu6dQqwuZQxtgW""}, {""external_urls"": {""spotify"": ""https://open.spotify.com/artist/0CkM1sLkP3yQW8I7ja51am""}, ""followers"": {""href"": null, ""total"": 89}, ""genres"": [], ""href"": ""https://api.spotify.com/v1/artists/0CkM1sLkP3yQW8I7ja51am"", ""id"": ""0CkM1sLkP3yQW8I7ja51am"", ""images"": [{""height"": 640, ""url"": ""https://i.scdn.co/image/ab67616d0000b273dfa911b8ed663b571d9dab70"", ""width"": 640}, {""height"": 300, ""url"": ""https://i.scdn.co/image/ab67616d00001e02dfa911b8ed663b571d9dab70"", ""width"": 300}, {""height"": 64, ""url"": ""https://i.scdn.co/image/ab67616d00004851dfa911b8ed663b571d9dab70"", ""width"": 64}], ""name"": ""Brandon Taylor Smith"", ""popularity"": 33, ""type"": ""artist"", ""uri"": ""spotify:artist:0CkM1sLkP3yQW8I7ja51am""}, {""external_urls"": {""spotify"": ""https://open.spotify.com/artist/6LqNN22kT3074XbTVUrhzX""}, ""followers"": {""href"": null, ""total"": 8116392}, ""genres"": [""dance pop"", ""pop""], ""href"": ""https://api.spotify.com/v1/artists/6LqNN22kT3074XbTVUrhzX"", ""id"": ""6LqNN22kT3074XbTVUrhzX"", ""images"": [{""height"": 640, ""url"": ""https://i.scdn.co/image/ab6761610000e5eb2ac07249400857d8b16dc17a"", ""width"": 640}, {""height"": 320, ""url"": ""https://i.scdn.co/image/ab676161000051742ac07249400857d8b16dc17a"", ""width"": 320}, {""height"": 160, ""url"": ""https://i.scdn.co/image/ab6761610000f1782ac07249400857d8b16dc17a"", ""width"": 160}], ""name"": ""Kesha"", ""popularity"": 80, ""type"": ""artist"", ""uri"": ""spotify:artist:6LqNN22kT3074XbTVUrhzX""}, {""external_urls"": {""spotify"": ""https://open.spotify.com/artist/14waR9FpjuHkqhd3DlMAYu""}, ""followers"": {""href"": null, ""total"": 71}, ""genres"": [], ""href"": ""https://api.spotify.com/v1/artists/14waR9FpjuHkqhd3DlMAYu"", ""id"": ""14waR9FpjuHkqhd3DlMAYu"", ""images"": [], ""name"": ""Taylor Swiftsz"", ""popularity"": 0, ""type"": ""artist"", ""uri"": ""spotify:artist:14waR9FpjuHkqhd3DlMAYu""}, {""external_urls"": {""spotify"": ""https://open.spotify.com/artist/5WUlDfRSoLAfcVSX1WnrxN""}, ""followers"": {""href"": null, ""total"": 28527581}, ""genres"": [""pop""], ""href"": ""https://api.spotify.com/v1/artists/5WUlDfRSoLAfcVSX1WnrxN"", ""id"": ""5WUlDfRSoLAfcVSX1WnrxN"", ""images"": [{""height"": 640, ""url"": ""https://i.scdn.co/image/ab6761610000e5eb7c997fe6951bc0926f09ba38"", ""width"": 640}, {""height"": 320, ""url"": ""https://i.scdn.co/image/ab676161000051747c997fe6951bc0926f09ba38"", ""width"": 320}, {""height"": 160, ""url"": ""https://i.scdn.co/image/ab6761610000f1787c997fe6951bc0926f09ba38"", ""width"": 160}], ""name"": ""Sia"", ""popularity"": 84, ""type"": ""artist"", ""uri"": ""spotify:artist:5WUlDfRSoLAfcVSX1WnrxN""}, {""external_urls"": {""spotify"": ""https://open.spotify.com/artist/3OGj4jFXF7Cw4ORWS7T3ra""}, ""followers"": {""href"": null, ""total"": 517}, ""genres"": [], ""href"": ""https://api.spotify.com/v1/artists/3OGj4jFXF7Cw4ORWS7T3ra"", ""id"": ""3OGj4jFXF7Cw4ORWS7T3ra"", ""images"": [{""height"": 640, ""url"": ""https://i.scdn.co/image/ab67616d0000b273bbd79a349857d5e5ec3f88d0"", ""width"": 640}, {""height"": 300, ""url"": ""https://i.scdn.co/image/ab67616d00001e02bbd79a349857d5e5ec3f88d0"", ""width"": 300}, {""height"": 64, ""url"": ""https://i.scdn.co/image/ab67616d00004851bbd79a349857d5e5ec3f88d0"", ""width"": 64}], ""name"": ""Taylor Swift Facts"", ""popularity"": 1, ""type"": ""artist"", ""uri"": ""spotify:artist:3OGj4jFXF7Cw4ORWS7T3ra""}, {""external_urls"": {""spotify"": ""https://open.spotify.com/artist/4IWBUUAFIplrNtaOHcJPRM""}, ""followers"": {""href"": null, ""total"": 18363416}, ""genres"": [""pop"", ""talent show"", ""uk pop""], ""href"": ""https://api.spotify.com/v1/artists/4IWBUUAFIplrNtaOHcJPRM"", ""id"": ""4IWBUUAFIplrNtaOHcJPRM"", ""images"": [{""height"": 640, ""url"": ""https://i.scdn.co/image/ab6761610000e5eb2a0c6d0343c82be9dd6fce0b"", ""width"": 640}, {""height"": 320, ""url"": ""https://i.scdn.co/image/ab676161000051742a0c6d0343c82be9dd6fce0b"", ""width"": 320}, {""height"": 160, ""url"": ""https://i.scdn.co/image/ab6761610000f1782a0c6d0343c82be9dd6fce0b"", ""width"": 160}], ""name"": ""James Arthur"", ""popularity"": 81, ""type"": ""artist"", ""uri"": ""spotify:artist:4IWBUUAFIplrNtaOHcJPRM""}, {""external_urls"": {""spotify"": ""https://open.spotify.com/artist/5Yzz6SisIkcvuhKSdJ02en""}, ""followers"": {""href"": null, ""total"": 112}, ""genres"": [], ""href"": ""https://api.spotify.com/v1/artists/5Yzz6SisIkcvuhKSdJ02en"", ""id"": ""5Yzz6SisIkcvuhKSdJ02en"", ""images"": [{""height"": 640, ""url"": ""https://i.scdn.co/image/ab67616d0000b273623c43e08dff5dce47beb004"", ""width"": 640}, {""height"": 300, ""url"": ""https://i.scdn.co/image/ab67616d00001e02623c43e08dff5dce47beb004"", ""width"": 300}, {""height"": 64, ""url"": ""https://i.scdn.co/image/ab67616d00004851623c43e08dff5dce47beb004"", ""width"": 64}], ""name"": ""Taylor Swifter"", ""popularity"": 0, ""type"": ""artist"", ""uri"": ""spotify:artist:5Yzz6SisIkcvuhKSdJ02en""}, {""external_urls"": {""spotify"": ""https://open.spotify.com/artist/2ODbg2404zUzTi02qIPEjB""}, ""followers"": {""href"": null, ""total"": 3578379}, ""genres"": [""cali rap"", ""dfw rap"", ""rap"", ""trap""], ""href"": ""https://api.spotify.com/v1/artists/2ODbg2404zUzTi02qIPEjB"", ""id"": ""2ODbg2404zUzTi02qIPEjB"", ""images"": [{""height"": 640, ""url"": ""https://i.scdn.co/image/ab6761610000e5eb51563869e6c481a80c117878"", ""width"": 640}, {""height"": 320, ""url"": ""https://i.scdn.co/image/ab6761610000517451563869e6c481a80c117878"", ""width"": 320}, {""height"": 160, ""url"": ""https://i.scdn.co/image/ab6761610000f17851563869e6c481a80c117878"", ""width"": 160}], ""name"": ""Tay-K"", ""popularity"": 65, ""type"": ""artist"", ""uri"": ""spotify:artist:2ODbg2404zUzTi02qIPEjB""}, {""external_urls"": {""spotify"": ""https://open.spotify.com/artist/7kaJOOAkXnnaA7nlEb9p0H""}, ""followers"": {""href"": null, ""total"": 159}, ""genres"": [], ""href"": ""https://api.spotify.com/v1/artists/7kaJOOAkXnnaA7nlEb9p0H"", ""id"": ""7kaJOOAkXnnaA7nlEb9p0H"", ""images"": [{""height"": 640, ""url"": ""https://i.scdn.co/image/ab67616d0000b273d280a0345333842e408c03d1"", ""width"": 640}, {""height"": 300, ""url"": ""https://i.scdn.co/image/ab67616d00001e02d280a0345333842e408c03d1"", ""width"": 300}, {""height"": 64, ""url"": ""https://i.scdn.co/image/ab67616d00004851d280a0345333842e408c03d1"", ""width"": 64}], ""name"": ""Taylor Swifta"", ""popularity"": 0, ""type"": ""artist"", ""uri"": ""spotify:artist:7kaJOOAkXnnaA7nlEb9p0H""}, {""external_urls"": {""spotify"": ""https://open.spotify.com/artist/6ca3AFdIIgaP4ZIW8J6zXu""}, ""followers"": {""href"": null, ""total"": 253591}, ""genres"": [""australian children's music"", ""children's music""], ""href"": ""https://api.spotify.com/v1/artists/6ca3AFdIIgaP4ZIW8J6zXu"", ""id"": ""6ca3AFdIIgaP4ZIW8J6zXu"", ""images"": [{""height"": 640, ""url"": ""https://i.scdn.co/image/ab6761610000e5ebf4104b24eeddd34326f8376a"", ""width"": 640}, {""height"": 320, ""url"": ""https://i.scdn.co/image/ab67616100005174f4104b24eeddd34326f8376a"", ""width"": 320}, {""height"": 160, ""url"": ""https://i.scdn.co/image/ab6761610000f178f4104b24eeddd34326f8376a"", ""width"": 160}], ""name"": ""Bluey"", ""popularity"": 66, ""type"": ""artist"", ""uri"": ""spotify:artist:6ca3AFdIIgaP4ZIW8J6zXu""}, {""external_urls"": {""spotify"": ""https://open.spotify.com/artist/5D4eBBCFWPid24YVLH7206""}, ""followers"": {""href"": null, ""total"": 60}, ""genres"": [], ""href"": ""https://api.spotify.com/v1/artists/5D4eBBCFWPid24YVLH7206"", ""id"": ""5D4eBBCFWPid24YVLH7206"", ""images"": [{""height"": 640, ""url"": ""https://i.scdn.co/image/ab67616d0000b273b8f456b4e50c43b271d81704"", ""width"": 640}, {""height"": 300, ""url"": ""https://i.scdn.co/image/ab67616d00001e02b8f456b4e50c43b271d81704"", ""width"": 300}, {""height"": 64, ""url"": ""https://i.scdn.co/image/ab67616d00004851b8f456b4e50c43b271d81704"", ""width"": 64}], ""name"": ""Taylor Swiftoo"", ""popularity"": 0, ""type"": ""artist"", ""uri"": ""spotify:artist:5D4eBBCFWPid24YVLH7206""}, {""external_urls"": {""spotify"": ""https://open.spotify.com/artist/480xKab3lUPhBBnCzlzqIu""}, ""followers"": {""href"": null, ""total"": 195978}, ""genres"": [""bow pop"", ""pop violin""], ""href"": ""https://api.spotify.com/v1/artists/480xKab3lUPhBBnCzlzqIu"", ""id"": ""480xKab3lUPhBBnCzlzqIu"", ""images"": [{""height"": 640, ""url"": ""https://i.scdn.co/image/ab6761610000e5ebcefd7abc8e4cfd9680005cab"", ""width"": 640}, {""height"": 320, ""url"": ""https://i.scdn.co/image/ab67616100005174cefd7abc8e4cfd9680005cab"", ""width"": 320}, {""height"": 160, ""url"": ""https://i.scdn.co/image/ab6761610000f178cefd7abc8e4cfd9680005cab"", ""width"": 160}], ""name"": ""Taylor Davis"", ""popularity"": 49, ""type"": ""artist"", ""uri"": ""spotify:artist:480xKab3lUPhBBnCzlzqIu""}], ""limit"": 20, ""next"": ""https://api.spotify.com/v1/search?query=Taylor+Swift&type=artist&offset=20&limit=20"", ""offset"": 0, ""previous"": null, ""total"": 816}}",Unknown,Unknown,Unknown,Unknown,Error,Error
Post Malone,"dfw rap, melodic rap, pop, rap",93,45311085,https://open.spotify.com/artist/246dkjvS1zLTtiykXe5h60,Unknown,69.5
Zoe Ko,,39,20803,https://open.spotify.com/artist/493xhO4GiL1eOhWUBt8CzZ,Unknown,23.0
David Guetta,"big room, dance pop, edm, pop, pop dance",90,26159119,https://open.spotify.com/artist/1Cs0zKBU1kc0i8ypK3B9ai,Unknown,110.0
Creedence Clearwater Revival,"album rock, classic rock, country rock, mellow gold, rock, southern rock, swamp rock",82,6910495,https://open.spotify.com/artist/3IYUhFvPQItj6xySrBmZkd,Unknown,Unknown
Camila Cabello,"dance pop, pop",82,33719434,https://open.spotify.com/artist/4nDoRrQiYLoBzwC5BhVJzF,No events,No price
Worry Club,modern indie pop,37,39164,https://open.spotify.com/artist/7Fkc1Q81Zy25eZ5dmnURGl,Unknown,18.0
Charli xcx,"art pop, candy pop, metropopolis, pop, uk pop",88,4020342,https://open.spotify.com/artist/25uiPmTg16RbhZWAqwLBy5,Unknown,52.8
Bentley Robles,,33,7460,https://open.spotify.com/artist/2LOSfMfEVu8XgmHqwuixWT,No events,No price
Liotta Seoul,,23,7413,https://open.spotify.com/artist/5TVvYXtmzb3yeMZIiQdTQi,No events,No price
The Rare Occasions,la indie,66,445360,https://open.spotify.com/artist/1QfpRUtH14JLoY6F6AYmwt,Unknown,Unknown
Leaving Time,grungegaze,39,27451,https://open.spotify.com/artist/7uskWkK7rsdbMgE2wDU22Y,Unknown,18.0
Kendrick Lamar,"conscious hip hop, hip hop, rap, west coast rap",92,32731592,https://open.spotify.com/artist/2YZyLoL8N0Wb9xBt1NhZWg,No events,No price
CYRIL,,80,259848,https://open.spotify.com/artist/11kt6ggsdxvI8MhyeSMKom,Unknown,59.5
Dombresky,"bass house, electro house, house, tech house",50,119508,https://open.spotify.com/artist/2GVtgxcx7jg5xVCZsIHSGN,Unknown,Unknown
Slomosa,"norwegian prog, norwegian rock",40,31682,https://open.spotify.com/artist/0l7GXb53ndWn97ul8Hpfzd,Unknown,34.0
BONES UK,slayer,49,87943,https://open.spotify.com/artist/16kd5X3pBMOtXdLlX5LcAw,Unknown,29.5
PIAO,,29,5950,https://open.spotify.com/artist/3WRVVRVjdDenvXlJgs2WXb,Unknown,Unknown
JVKE,"modern indie pop, pov: indie, singer-songwriter pop",76,4818940,https://open.spotify.com/artist/164Uj4eKjl6zTBKfJLFKKK,No events,No price
Nile Rodgers,disco,74,145911,https://open.spotify.com/artist/3yDIp0kaq9EFKe07X1X2rz,Unknown,78.95
Sia,pop,84,28536553,https://open.spotify.com/artist/5WUlDfRSoLAfcVSX1WnrxN,No events,No price
Lady Gaga,"art pop, dance pop, pop",89,31420943,https://open.spotify.com/artist/1HY2Jd0NmPuamShAr6KMms,Unknown,Unknown
The Verve,"britpop, permanent wave, rock, shoegaze",68,2389063,https://open.spotify.com/artist/2cGwlqi3k18jFpUyTrsR84,No events,No price
Eminem,"detroit hip hop, hip hop, rap",93,90018816,https://open.spotify.com/artist/7dGJo4pcD2V6oG8kP0tJRR,Unknown,Unknown
Sam Feldt,"edm, pop dance, tropical house",70,778011,https://open.spotify.com/artist/20gsENnposVs2I4rQ5kvrf,Unknown,307.0
Lenny Kravitz,"permanent wave, rock",73,3340418,https://open.spotify.com/artist/5gznATMVO85ZcLTkE9ULU7,Unknown,888.0
Radiohead,"alternative rock, art rock, melancholia, oxford indie, permanent wave, rock",82,10472001,https://open.spotify.com/artist/4Z8W4fKeB5YxbusRsdQVPb,Unknown,Unknown
Blur,"alternative rock, britpop, madchester, permanent wave, rock",71,3442338,https://open.spotify.com/artist/7MhMgCo0Bl0Kukl93PZbYS,Unknown,Unknown
The Guess Who,"album rock, classic canadian rock, classic rock, country rock, folk rock, hard rock, mellow gold, rock, singer-songwriter, soft rock",55,739431,https://open.spotify.com/artist/0cQuYRSzlItquYxsQKDvVc,Unknown,49.5
Djo,"pov: indie, psychedelic pop",77,1517643,https://open.spotify.com/artist/5p9HO3XC5P3BLxJs5Mtrhm,No events,No price
Chromeo,"alternative dance, dance rock, filter house, indietronica, neo-synthpop, new rave, nu disco",55,403349,https://open.spotify.com/artist/2mV8aJphiSHYJf43DxL7Gt,Unknown,Unknown
The Poets,,11,1143,https://open.spotify.com/artist/52DmpYOAlbrvY4kffFGr8G,Unknown,10.0
Camellia,"denpa-kei, rhythm game",52,216328,https://open.spotify.com/artist/4bwIf0yXJf0F9AmOl2J78M,No events,No price
KATSEYE,5th gen k-pop,71,303124,https://open.spotify.com/artist/3c0gDdb9lhnHGFtP4prQpn,No events,No price
Gracie Abrams,alt z,84,2354077,https://open.spotify.com/artist/4tuJ0bMpJh08umKkEXKUI5,Unknown,96.6
SZA,"pop, r&b, rap",90,22966068,https://open.spotify.com/artist/7tYKF4w9nC0nq9CsPZTHyP,Unknown,49.5
Lynyrd Skynyrd,"album rock, classic rock, hard rock, rock, southern rock",73,5274952,https://open.spotify.com/artist/4MVyzYMgTwdP7Z49wAZHx0,Unknown,15.0
Foo Fighters,"alternative metal, alternative rock, modern rock, permanent wave, post-grunge, rock",78,11983654,https://open.spotify.com/artist/7jy3rLJdDQY21OgRLCZ9sD,Unknown,Unknown
Skye Riley,,23,1193,https://open.spotify.com/artist/0fpkkLazfNNewOHmxSW2YL,No events,No price
Dear Rouge,"canadian indie, metropopolis, vancouver indie",35,27391,https://open.spotify.com/artist/0YkjOpIntNmlG1PNF2dqSy,No events,No price
Together Pangea,"indie garage rock, indie punk",42,108619,https://open.spotify.com/artist/29q1axQPERERxUzqufXMqB,Unknown,25.0
Tom Petty and the Heartbreakers,"album rock, classic rock, hard rock, heartland rock, mellow gold, rock, singer-songwriter, soft rock",70,2832340,https://open.spotify.com/artist/4tX2TplrkIP4v05BNC903e,Unknown,25.0
Illiterate Light,virginia indie,27,20208,https://open.spotify.com/artist/1vEqG4Bxz3YIMuDkIcvg6J,Unknown,Unknown
KAROL G,"reggaeton, reggaeton colombiano, urbano latino",92,50175776,https://open.spotify.com/artist/790FomKkXshlbRYZFtlgla,No events,No price
Alex G,"philly indie, pov: indie, slacker rock",77,2386820,https://open.spotify.com/artist/6lcwlkAjBPSKnFBZjjZFJs,Unknown,40.5
SICK PUPPIES,"alternative metal, nu metal, post-grunge",56,905693,https://open.spotify.com/artist/7qAcXJgt1PWnxwUgxMdyuk,Unknown,20.0
Franz Ferdinand,"alternative rock, dance rock, indie rock, modern rock, rock, scottish rock",69,2682785,https://open.spotify.com/artist/0XNa1vTidXlvJ2gHSsRi4A,Unknown,Unknown
The Cranberries,"irish rock, pop rock, rock",77,4482976,https://open.spotify.com/artist/7t0rwkOPGlDPEhaOcVtOt9,Unknown,Unknown
Dire Straits,"album rock, classic rock, mellow gold, rock",77,7759948,https://open.spotify.com/artist/0WwSkZ7LtFUFjGjMZBMt6T,Unknown,450.0
Scorpions,"album rock, german hard rock, german metal, german rock, hard rock, rock",73,7359545,https://open.spotify.com/artist/27T030eWyCQRmDyuvr1kxY,Unknown,Unknown
The Beatles,"british invasion, classic rock, merseybeat, psychedelic rock, rock",85,28317822,https://open.spotify.com/artist/3WrFJ7ztbogyGnTHbHJFl2,Unknown,28.65
Cassadee Pope,"contemporary country, country pop, country road, modern country rock, pop emo",51,257750,https://open.spotify.com/artist/7ahuvq1mbb4idwG1iJbSFG,Unknown,32.5
Tommy Richman,chill abstract hip hop,81,689363,https://open.spotify.com/artist/1WaFQSHVGZQJTbf0BdxdNo,Unknown,Unknown
AC/DC,"australian rock, hard rock, rock",83,29333518,https://open.spotify.com/artist/711MCceyCBcFnzjGY4Q7Un,Unknown,25.0
INJI,,53,165498,https://open.spotify.com/artist/0Z4Ir8usNVcAdCSQl0fQki,Unknown,14.85
Superbloom,grungegaze,26,12084,https://open.spotify.com/artist/3xdggitmc1vFAChxAwhIIL,Unknown,Unknown
R.E.M.,"alternative rock, athens indie, permanent wave, rock",74,4679321,https://open.spotify.com/artist/4KWTAlx2RvbpseOGMEmROg,Unknown,Unknown
pewdiepie,antiviral pop,41,654531,https://open.spotify.com/artist/1JOdUvDAzNy3L37rZ4Nigr,No events,No price
Addison Rae,social media pop,69,337371,https://open.spotify.com/artist/4gvjmrtzydbMpyJaXUtwvP,No events,No price
Black Sabbath,"album rock, alternative metal, birmingham metal, classic rock, hard rock, metal, rock, stoner rock, uk doom metal",74,8107191,https://open.spotify.com/artist/5M52tdBnJaKSvOpJGz8mfZ,Unknown,Unknown
Alan Walker,electro house,81,39393793,https://open.spotify.com/artist/7vk5e3vY1uw9plTHJAMwjN,Unknown,8.8
Zetra,,26,6567,https://open.spotify.com/artist/19OKi91yhqwfQqFyROn06f,Unknown,0.0
Bon Jovi,"glam metal, rock",79,13806887,https://open.spotify.com/artist/58lV9VcRSjABbAbfWS6skp,Unknown,Unknown
The White Stripes,"alternative rock, blues rock, detroit rock, garage rock, modern blues rock, permanent wave, punk blues, rock",72,3195788,https://open.spotify.com/artist/4F84IBURUo98rz4r61KF70,No events,No price
Jessica Baio,singer-songwriter pop,59,316257,https://open.spotify.com/artist/0VMFTqmv0hYlWruyBERT95,Unknown,20.0
Hozier,"irish singer-songwriter, modern rock, pop, pov: indie",86,7798661,https://open.spotify.com/artist/2FXC3k01G6Gw61bmprjgqS,Unknown,90.05
Lolo Zouaï,alternative r&b,53,245433,https://open.spotify.com/artist/2qDIR2WlcW3llkGqJWg9VJ,No events,No price
Electric Light Orchestra,"album rock, art rock, beatlesque, classic rock, glam rock, mellow gold, rock, soft rock, symphonic rock",73,4101782,https://open.spotify.com/artist/7jefIIksOi1EazgRTfW2Pk,Unknown,35.0
London Grammar,"metropopolis, nottingham indie",65,1561559,https://open.spotify.com/artist/3Bd1cgCjtCI32PYvDC3ynO,Unknown,35.0
SERA,,51,43932,https://open.spotify.com/artist/3Anj5rCWtYTgRvV7pdq6GE,Unknown,26.0
Fleetwood Mac,"album rock, classic rock, rock, soft rock, yacht rock",82,12012137,https://open.spotify.com/artist/08GQAI4eElDnROBrJRGE0X,Unknown,54.24
Bea and her Business,,49,91416,https://open.spotify.com/artist/6Jl6Xw5FnzQqmKNodwbKym,Unknown,15.0
Tolou,,30,3073,https://open.spotify.com/artist/6aJLBAuRRedmYQfUxXUByH,No events,No price
Rhys,,12,188,https://open.spotify.com/artist/3ib3suDKiZY4EmEafjuWa3,Unknown,26.0
Hanumankind,"desi hip hop, indian underground rap, malayalam hip hop",78,438316,https://open.spotify.com/artist/4nVa6XlBFlIkF6msW57PHp,No events,No price
Razorlight,britpop,54,563533,https://open.spotify.com/artist/450iujbtN6XgiA9pv6fVZz,Unknown,0.0
Fly By Midnight,singer-songwriter pop,61,269595,https://open.spotify.com/artist/4rQTEdG6hDVOlDUFKs9EjZ,No events,No price
Mike Posner,"dance pop, pop, pop dance, pop rap",71,1386781,https://open.spotify.com/artist/2KsP6tYLJlTBvSUxnwlVWa,No events,No price
slowly.,,44,1097,https://open.spotify.com/artist/2IN7dtd9EDEat5Q74Jf8EQ,Unknown,20.0
Green Day,"modern rock, permanent wave, punk, rock",83,15386318,https://open.spotify.com/artist/7oPftvlwr6VrsViSDV7fJY,Unknown,Unknown
Zinadelphia,,44,39548,https://open.spotify.com/artist/2bTnGGWvuVQsMVyg31rmum,Unknown,20.0
Pom Pom Squad,bubblegrunge,38,38188,https://open.spotify.com/artist/1yhTALwId0bpL1U1XRT3Zs,Unknown,18.0
The Police,"album rock, classic rock, permanent wave, rock",77,6307692,https://open.spotify.com/artist/5NGO30tJxFlKixkPSgXcFE,Unknown,150.0
The Doors,"acid rock, album rock, classic rock, hard rock, psychedelic rock, rock",74,8058184,https://open.spotify.com/artist/22WZ7M8sxp5THdruNY3gXt,Unknown,26.79
Tee Lopes,,53,35670,https://open.spotify.com/artist/5ZOKvzD4GQ7Yg2CS4CVbRb,No events,No price
Shawn Mendes,"canadian pop, pop, viral pop",83,43187911,https://open.spotify.com/artist/7n2wHs1TKAczGzO7Dd2rGr,Unknown,Unknown
Noah Kahan,"pov: indie, singer-songwriter pop",86,3344740,https://open.spotify.com/artist/2RQXRUsr4IW1f3mKyKsy4B,Unknown,89.5
Jamie Miller,"pop soul, singer-songwriter pop",65,633559,https://open.spotify.com/artist/2LkkwxA19J8C52wPQl5bG6,No events,No price
worlds greatest dad,"atlanta indie, diy emo",20,4345,https://open.spotify.com/artist/4CJ5eNfmJHQ5spEAvaxj8F,No events,No price
Katy Perry,pop,85,34318992,https://open.spotify.com/artist/6jJ0s89eD6GaHleKKya26X,Unknown,Unknown
Snow Patrol,"irish rock, modern rock, neo mellow, permanent wave, pop rock",69,3038745,https://open.spotify.com/artist/3rIZMv9rysU7JkLzEaC5Jp,Unknown,50.6
Kansas,"album rock, classic rock, hard rock, heartland rock, mellow gold, progressive rock, rock, soft rock",67,1613155,https://open.spotify.com/artist/2hl0xAkS2AIRAu23TVMBG1,Unknown,Unknown
julie,"grungegaze, zoomergaze",55,287759,https://open.spotify.com/artist/3VNzWLePg9jTvQ2ximYOzW,Unknown,39.0
Rosa Linn,alt z,68,392981,https://open.spotify.com/artist/46xBNx0j6cwY6sD9LgMTm1,No events,No price
Jimin,k-pop,89,9303268,https://open.spotify.com/artist/1oSPZhvZMIrWW5I41kPkkY,No events,No price
Porter Robinson,"complextro, edm, electro house, pop dance, progressive electro house",65,1154250,https://open.spotify.com/artist/3dz0NnIZhtKKeXZxLOxCam,Unknown,33.2
Lana Del Rey,"art pop, pop",92,39602710,https://open.spotify.com/artist/00FQb4jTyendYWaN8pK0wa,No events,No price
Meg Smith,alt z,42,20363,https://open.spotify.com/artist/4MfdeUAPPDpi4xdc1jvnwg,Unknown,Unknown
LEXXE,,30,2604,https://open.spotify.com/artist/0lDo9zbShSX0EXnxLpUZIU,No events,No price
Billie Eilish,"art pop, pop",95,99243693,https://open.spotify.com/artist/6qqNVTkY8uBg9cP3Jd7DAH,Unknown,73.1
Adele,"british soul, pop, pop soul, uk pop",88,58527278,https://open.spotify.com/artist/4dpARuHxo51G3z768sgnrY,Unknown,2.0
Chappell Roan,"indie pop, pov: indie",89,2976291,https://open.spotify.com/artist/7GlBOeep6PqTfFi59PTUUN,Unknown,Unknown
The Hollies,"album rock, british invasion, classic rock, folk rock, mellow gold, merseybeat, soft rock",64,1212739,https://open.spotify.com/artist/6waa8mKu91GjzD4NlONlNJ,Unknown,Unknown
Phil Collins,"rock drums, soft rock",77,6086106,https://open.spotify.com/artist/4lxfqrEsLX6N1N4OCSkILp,Unknown,18.0
The Rolling Stones,"album rock, british invasion, classic rock, rock",80,14401004,https://open.spotify.com/artist/22bE4uQ6baNwSHPVcDxLCe,Unknown,22.0
Honey.,,18,2689,https://open.spotify.com/artist/2Rki2mP8GPq0ZTeHqSbcMN,Unknown,23.0
FINNEAS,"alt z, la indie, pop, pov: indie",68,2017309,https://open.spotify.com/artist/37M5pPGs6V1fchFJSgCguX,Unknown,34.5
Doechii,alternative r&b,72,554184,https://open.spotify.com/artist/4E2rKHVDssGJm2SCDOMMJB,No events,No price
Weezer,"alternative rock, modern power pop, modern rock, permanent wave, rock",75,3773284,https://open.spotify.com/artist/3jOstUTkEu2JkjvRdBA5Gu,Unknown,40.0
Maisak,,70,24364,https://open.spotify.com/artist/6B1hSmaLdOvChinK2Z7gfi,No events,No price
Van Halen,"album rock, classic rock, hard rock, rock",73,6170756,https://open.spotify.com/artist/2cnMpRsOVqtPMfq7YiFE6K,Unknown,Unknown
MC5,"detroit rock, garage rock, proto-metal, protopunk, punk",37,195800,https://open.spotify.com/artist/4WquJweZPIK9qcfVFhTKvf,No events,No price
WesGhost,,60,178121,https://open.spotify.com/artist/6YmJPuYzqe1HsJArGYcHBJ,Unknown,20.0
Bloomer,,28,8787,https://open.spotify.com/artist/4jPYFB5fWBjPkIFg6bLSnl,Unknown,42.0
Rage Against The Machine,"alternative metal, alternative rock, conscious hip hop, funk metal, hard rock, nu metal, political hip hop, post-grunge, rap metal, rap rock, rock",71,6136080,https://open.spotify.com/artist/2d0hyoQ5ynDBnkvAbJKORj,Unknown,Unknown
Talking Heads,"alternative rock, art punk, dance rock, funk rock, new wave, permanent wave, post-punk, rock, zolo",70,2523176,https://open.spotify.com/artist/2x9SpqnPi8rlE9pjHBwmSC,Unknown,Unknown
Barretta,,52,51086,https://open.spotify.com/artist/1KVpqmrI8SIVWjipMC1FZl,No events,No price
chokecherry,,35,27873,https://open.spotify.com/artist/6FO0bkcJ4D8MJ1REvBRhNT,Unknown,26.0
Mark Ambor,singer-songwriter pop,76,486958,https://open.spotify.com/artist/11p2E654TTU8e0nZWBR4AL,Unknown,690.0
Zach Bryan,classic oklahoma country,91,5033699,https://open.spotify.com/artist/40ZNYROS4zLfyyBSs2PGe2,Unknown,20.0
Bob Marley & The Wailers,"reggae, roots reggae",82,12631784,https://open.spotify.com/artist/2QsynagSdAqZj3U9HgDzjD,Unknown,16.0
Shaboozey,"modern country pop, pop rap",81,648458,https://open.spotify.com/artist/3y2cIKLjiOlp1Np37WiUdH,Unknown,Unknown
Billie Eilish,"art pop, pop",95,99341796,https://open.spotify.com/artist/6qqNVTkY8uBg9cP3Jd7DAH,Unknown,73.1
Soccer Mommy,"art pop, bubblegrunge, indie pop, indie rock, small room",51,385658,https://open.spotify.com/artist/4wXchxfTTggLtzkoUhO86Q,Unknown,134.0
Grace Davies,uk pop,46,95215,https://open.spotify.com/artist/55VbVrjmAWcvCknVFfPzvK,No events,No price
The Animals,"album rock, british invasion, classic rock, hard rock, protopunk, psychedelic rock, rock",66,2445710,https://open.spotify.com/artist/3ICflSq6ZgYAIrm2CTkfVP,Unknown,35.22
Pia Mia,"dance pop, pop, post-teen pop",57,1946972,https://open.spotify.com/artist/1BhWF9W2PngtPSyobKg0rP,No events,No price
Gigi Perez,bedroom pop,73,179912,https://open.spotify.com/artist/1iCnM8foFssWlPRLfAbIwo,Unknown,Unknown
Buffalo Springfield,"album rock, blues rock, classic rock, country rock, folk, folk rock, mellow gold, psychedelic rock, rock, soft rock, southern rock",67,834598,https://open.spotify.com/artist/3eskO5m0H4yiF64vRySBjr,Unknown,20.0
Tate McRae,pop,83,5860846,https://open.spotify.com/artist/45dkTj5sMRSjrmBSBeiHym,Unknown,Unknown
The Kid LAROI,australian hip hop,84,5632600,https://open.spotify.com/artist/2tIP7SsRs7vjIcLrU85W8J,Unknown,53.0
Linkin Park,"alternative metal, nu metal, post-grunge, rap metal, rock",89,26606922,https://open.spotify.com/artist/6XyY86QOPPrYVGvF9ch6wz,Unknown,Unknown
Torus,,26,2813,https://open.spotify.com/artist/2hAbK9kNETmY7FHExyadGM,Unknown,32.0
AAAA,,28,7949,https://open.spotify.com/artist/6NVMzVjhJiHrjpx6yyNQ5i,No events,No price
Queen,"classic rock, glam rock, rock",85,51185388,https://open.spotify.com/artist/1dfeR4HaWDbWqFHLkxsg1d,Unknown,35.0
YUKIKA,korean city pop,42,151143,https://open.spotify.com/artist/4RfI1z9u2xIc5Qnqac4JbO,No events,No price
The Chainsmokers,pop,82,20451806,https://open.spotify.com/artist/69GGBxA162lTqCwzJG5jLp,Unknown,Unknown
Benson Boone,singer-songwriter pop,86,3510458,https://open.spotify.com/artist/22wbnEMDvgVIAGdFeek6ET,Unknown,106.8
Nick Jonas,"dance pop, pop",64,10023951,https://open.spotify.com/artist/4Rxn7Im3LGfyRkY2FlHhWi,Unknown,Unknown
Hinder,"alternative metal, nu metal, post-grunge",62,1913169,https://open.spotify.com/artist/6BMhCQJYHxxKAeqYS1p5rY,Unknown,Unknown
Nirvana,"grunge, permanent wave, rock",83,20216256,https://open.spotify.com/artist/6olE6TJLqED3rqDCT0FyPh,Unknown,32.5
David Bowie,"art rock, classic rock, glam rock, permanent wave, rock",78,10702789,https://open.spotify.com/artist/0oSGxfWSnnOXhD2fKuz2Gy,Unknown,19.25
Guns N' Roses,"glam metal, hard rock, rock",80,31695087,https://open.spotify.com/artist/3qm84nBOXUEQ2vnTfUTTFC,Unknown,Unknown
Jessie Murph,"modern country pop, singer-songwriter pop",76,1080984,https://open.spotify.com/artist/2yLzlEFtIS0Q9UkyBZdQA7,Unknown,25.5
Ariana Grande,pop,91,99680828,https://open.spotify.com/artist/66CXWjxzNUsdJxJ2JdwvnR,Unknown,29.75
Demi Lovato,"pop, post-teen pop",78,26666990,https://open.spotify.com/artist/6S2OmqARrzebs0tKUEyXyp,No events,No price
Natalie Jane,singer-songwriter pop,63,1006113,https://open.spotify.com/artist/5bfglVyGJppmmNoC2rhBUG,Unknown,20.0
